CD,Name,Family,DBH1,DBH2,Time
RYPAKU,Ryparosa_kunstleri,Achariaceae,7.7,8,10.2
BOUEMA,Bouea_macrophylla,Anacardiaceae,2.9,2.9,10.263
BOUEOP,Bouea_oppositifolia,Anacardiaceae,2.4,2.7,10.277
BUCHSE,Buchanania_sessifolia,Anacardiaceae,4.1,4.5,10.425
DRIMLU,Drimycarpus_luridus,Anacardiaceae,2.7,2.8,10.422
GLUTM2,Gluta_malayana,Anacardiaceae,2,2.1,10.153
MANGFO,Mangifera_foetida,Anacardiaceae,2.1,3.3,10.181
MANGG1,Mangifera_gracilipes,Anacardiaceae,2.5,2.6,10.156
MANGG2,Mangifera_griffithii,Anacardiaceae,2,2.4,10.23
MANGM2,Mangifera_magnifica,Anacardiaceae,6.6,6.9,10.227
MANGQU,Mangifera_quadrifida,Anacardiaceae,5.3,5.5,11.088
MEL1AN,Melanochyla_angustifolia,Anacardiaceae,6.6,7.7,10.411
MEL1AU,Melanochyla_auriculata,Anacardiaceae,4.1,4.4,10.195
MEL1FU,Melanochyla_fulvinervis,Anacardiaceae,13.7,15.8,10.395
MEL1S1,Melanochyla_species,Anacardiaceae,2,2.4,10.589
MEL1TO,Melanochyla_tomentosa,Anacardiaceae,22.3,27.8,10.17
PAR4IN,Parishia_insignis,Anacardiaceae,2.9,2.9,10.173
PEN1MO,Pentaspadon_motleyi,Anacardiaceae,2.3,2.5,10.238
ANI2CO,Anisophyllea_corneri,Anisophylleaceae,2.2,2.4,10.441
ALPHEL,Alphonsea_elliptica,Annonaceae,2,2.7,10.46
ALPHMA,Alphonsea_maingayi,Annonaceae,5.7,5.8,10.189
ANAXJA,Anaxagorea_javanica,Annonaceae,4.1,5,10.26
ENICFU,Enicosanthum_fuscum,Annonaceae,2,1.9,10.471
GONITO,Goniothalamus_tortilipetalus,Annonaceae,3.4,3.5,10.249
KINGNE,Dendrokingstonia_nervosa,Annonaceae,3.3,3.4,11.085
MEZZLE,Mezzettia_leptopoda,Annonaceae,21.9,26.8,10.438
MITRMA,Mitrephora_maingayi,Annonaceae,2.3,2.5,10.216
MONOMA,Monocarpia_marginalis,Annonaceae,6.6,7.1,10.192
ONC1MO,Meiogyne_monosperma,Annonaceae,3.2,3.3,10.184
PHAEOP,Phaeanthus_ophthalmicus,Annonaceae,4.3,4.8,10.115
POL1GL,Polyalthia_glauca,Annonaceae,2.4,3.5,10.186
POL1JE,Polyalthia_jenkinsii,Annonaceae,4.7,6.6,10.189
POL1OB,Polyalthia_obliqua,Annonaceae,11.9,12.4,10.159
POL1RU,Polyalthia_rumphii,Annonaceae,3.2,4,10.181
POL1SC,Polyalthia_sclerophylla,Annonaceae,3.4,3.8,10.244
POL1ST,Polyalthia_stenopetala,Annonaceae,3.5,4,10.282
POL1SU,Polyalthia_sumatrana,Annonaceae,6.3,6.5,10.049
POPOPI,Popowia_pisocarpa,Annonaceae,2.4,2.9,11.093
POPOTO,Popowia_tomentosa,Annonaceae,7.5,8.2,10.477
PSE2MA,Pseuduvaria_macrophylla,Annonaceae,13.4,14.7,10.23
XYLOCA,Xylopia_caudata,Annonaceae,3.5,4.7,11.247
XYLOFO,Xylopia_oxyantha,Annonaceae,8.4,9.5,10.296
XYLOM1,Xylopia_magna,Annonaceae,4.9,5.9,10.208
XYLOM2,Xylopia_malayana,Annonaceae,3.2,3.8,10.266
DYERCO,Dyera_costulata,Apocynaceae,8.9,11,10.26
KIBAMA,Kibatalia_maingayi,Apocynaceae,2.2,2.3,11.233
TABECO,Tabernaemontana_corymbosa,Apocynaceae,2.3,3.3,10.427
CANALL,Canarium_littorale_var._littorale,Burseraceae,2.1,2.3,10.268
CANALR,Canarium_littorale_var._rufum,Burseraceae,3,3.4,10.214
CANALT,Canarium_littorale_var._tomentosum,Burseraceae,2.4,2.6,10.315
CANAME,Canarium_megalanthum,Burseraceae,5.7,5.7,10.195
CANAPA,Canarium_patentinervium,Burseraceae,2.9,3,10.271
CANAPI,Canarium_pilosum,Burseraceae,2.3,2.8,10.274
DACRCO,Dacryodes_costata,Burseraceae,2.4,2.5,10.11
DACRLA,Dacryodes_laxa,Burseraceae,3.6,3.7,10.142
DACRLO,Dacryodes_longifolia,Burseraceae,2.3,3,10.266
DACRR1,Dacryodes_rugosa,Burseraceae,6,7.7,10.488
DACRR2,Dacryodes_rubiginosa,Burseraceae,4.5,4.5,10.414
DACRRO,Dacryodes_rostrata,Burseraceae,8.4,21.2,11.184
SANTAP,Santiria_apiculata,Burseraceae,2.8,3,10.238
SANTGR,Santiria_griffithii,Burseraceae,3.1,3.3,10.112
SANTLA,Santiria_laevigata,Burseraceae,2.7,3.4,10.43
SANTRU,Santiria_rubiginosa,Burseraceae,12.8,15.1,10.26
SANTTO,Santiria_tomentosa,Burseraceae,9.9,10.1,10.244
TRIOMA,Triomma_malaccensis,Burseraceae,3,3,10.06
GIRONE,Gironniera_nervosa,Cannabaceae,5.4,6.1,10.071
GIROPA,Gironniera_parvifolia,Cannabaceae,2.2,2,10.521
GIROSU,Gironniera_subaequalis,Cannabaceae,2.5,3.5,10.449
BHESPA,Bhesa_paniculata,Celastraceae,2.4,2.6,10.09
KOKORE,Kokoona_reflexa,Celastraceae,3.1,3.4,10.203
ATUNEL,Atuna_racemosa,Chrysobalanaceae,4.6,4.8,11.049
ATUNEX,Atuna_excelsa,Chrysobalanaceae,2,2.5,10.263
LICASP,Licania_splendens,Chrysobalanaceae,13.8,14.8,10.222
CALODI,Calophyllum_dioscurii,Clusiaceae,2.6,3.4,10.501
CALOMA,Calophyllum_macrocarpum,Clusiaceae,13.8,14.6,10.315
CALOTE,Calophyllum_tetrapterum,Clusiaceae,10.5,11.3,10.422
CALOWA,Calophyllum_wallichianum,Clusiaceae,2.6,2.8,10.164
GARCEU,Garcinia_opaca,Clusiaceae,3.1,-0.1,10.584
GARCMA,Garcinia_malaccensis,Clusiaceae,18.3,-0.1,10.312
GARCNE,Garcinia_nervosa,Clusiaceae,2,-0.1,11.2
GARCNI,Garcinia_nigrolineata,Clusiaceae,4.3,-0.1,10.277
GARCPA,Garcinia_parvifolia,Clusiaceae,2.5,-0.1,10.156
GARCSC,Garcinia_scortechinii,Clusiaceae,7.7,-0.1,10.227
MESUCO,Kayea_corneri,Clusiaceae,3.8,-0.1,10.271
MESUFE,Mesua_ferrea,Clusiaceae,4.5,-0.1,10.485
MESUGR,Kayea_grandis,Clusiaceae,27.4,-0.1,10.282
MESUKU,Kayea_kunstleri,Clusiaceae,2.1,-0.1,10.266
MESURA,Kayea_racemosa,Clusiaceae,2.4,-0.1,10.181
ALANEB,Alangium_ebenaceum,Cornaceae,4.5,-0.1,10.296
ALANRI,Alangium_ridleyi,Cornaceae,3.2,-0.1,10.263
CTENPA,Ctenolophon_parvifolius,Ctenolophonaceae,2.1,-0.1,10.504
DILLSU,Dillenia_sumatrana,Dilleniaceae,11,-0.1,10.29
ANI1LA,Anisoptera_laevis,Dipterocarpaceae,11.6,-0.1,10.268
DIPTC1,Dipterocarpus_cornutus,Dipterocarpaceae,2.2,-0.1,10.222
DIPTC2,Dipterocarpus_costulatus,Dipterocarpaceae,3.8,-0.1,10.416
DIPTCR,Dipterocarpus_crinitus,Dipterocarpaceae,4.3,-0.1,10.156
HOPEDR,Hopea_dryobalanoides,Dipterocarpaceae,3.8,-0.1,10.474
HOPEME,Hopea_mengarawan,Dipterocarpaceae,5.332989691,4.67628866,10.35056701
NEOBHE,Neobalanocarpus_heimii,Dipterocarpaceae,2,2.3,10.112
PAR2DE,Parashorea_densiflora,Dipterocarpaceae,6.8,7.9,10.115
SHORAC,Shorea_acuminata,Dipterocarpaceae,2.5,2.6,10.458
SHORBR,Shorea_bracteolata,Dipterocarpaceae,2.6,2.8,10.458
SHORGU,Shorea_guiso,Dipterocarpaceae,4.2,4.5,11.203
SHORL1,Shorea_leprosula,Dipterocarpaceae,5.1,5.2,11.236
SHORL2,Shorea_lepidota,Dipterocarpaceae,2.2,2.3,10.186
SHORM1,Shorea_macroptera,Dipterocarpaceae,3.5,4.4,10.422
SHORM2,Shorea_maxwelliana,Dipterocarpaceae,6.5,6.2,10.46
SHOROC,Shorea_ochrophloia,Dipterocarpaceae,2.6,3.5,10.258
SHOROV,Shorea_ovalis,Dipterocarpaceae,2,3,10.227
SHORP1,Shorea_parvifolia,Dipterocarpaceae,17.9,18,10.159
SHORP2,Shorea_pauciflora,Dipterocarpaceae,4,4,10.282
VATIBE,Vatica_bella,Dipterocarpaceae,5.7,6.8,10.279
VATIPA,Vatica_pauciflora,Dipterocarpaceae,4.3,5.1,10.162
DIOSA1,Diospyros_areolata,Ebenaceae,8.2,9.8,10.164
DIOSA2,Diospyros_argentea,Ebenaceae,2.3,2.6,10.263
DIOSAN,Diospyros_andamanica,Ebenaceae,2.7,2.7,10.249
DIOSAP,Diospyros_apiculata,Ebenaceae,3.4,3.8,11.184
DIOSBU,Diospyros_buxifolia,Ebenaceae,2.2,3.4,10.255
DIOSCA,Diospyros_cauliflora,Ebenaceae,2.7,2.9,10.096
DIOSL1,Diospyros_latisepala,Ebenaceae,2.6,2.5,10.266
DIOSNU,Diospyros_nutans,Ebenaceae,3,3.5,10.285
DIOSP2,Diospyros_pendula,Ebenaceae,16.4,18.2,10.515
DIOSS1,Diospyros_species,Ebenaceae,15.1,15,10.077
DIOSSC,Diospyros_scortechinii,Ebenaceae,2.6,3.2,10.395
DIOSSI,Diospyros_singaporensis,Ebenaceae,2.1,2.6,10.052
DIOSSU,Diospyros_sumatrana,Ebenaceae,4.6,4.8,11.2
DIOSVE,Diospyros_venosa,Ebenaceae,3.5,5.2,10.233
ELAENI,Elaeocarpus_nitidus,Elaeocarpaceae,4.1,4.3,10.192
ELAEP3,Elaeocarpus_palembanicus,Elaeocarpaceae,2,2,10.575
BLUMCA,Blumeodendron_calophyllum,Euphorbiaceae,34.1,35.5,10.258
BLUMSU,Blumeodendron_subrotundifolium,Euphorbiaceae,5.1,5.3,10.214
BLUMTO,Blumeodendron_tokbrai,Euphorbiaceae,5.3,5.3,10.09
CROTAR,Croton_argyratus,Euphorbiaceae,2.3,2.6,10.334
CROTLA,Croton_laevifolius,Euphorbiaceae,2.1,4.5,10.449
ELATTA,Elateriospermum_tapos,Euphorbiaceae,6.3,6.6,10.132
EPIPMA,Epiprinus_malayanus,Euphorbiaceae,2.1,2.6,10.186
KOILLO,Koilodepas_longifolium,Euphorbiaceae,2.5,3.3,10.285
MACAHY,Macaranga_hypoleuca,Euphorbiaceae,15.7,19.5,10.422
MACALO,Macaranga_lowii,Euphorbiaceae,2.7,2.9,10.071
MALLLE,Mallotus_leucodermis,Euphorbiaceae,31.2,34.9,10.134
MALLPE,Mallotus_penangensis,Euphorbiaceae,2.7,3.5,10.09
NEOSKI,Neoscortechinia_kingii,Euphorbiaceae,4.7,8.1,10.337
NEOSNI,Neoscortechinia_nicobarica,Euphorbiaceae,2.2,2.4,10.233
NEOSSU,Neoscortechinia_sumatrensis,Euphorbiaceae,12.8,12.9,10.279
PIMEGR,Pimelodendron_griffithianum,Euphorbiaceae,5.4,6.6,10.332
PTYCCO,Ptychopyxis_costata,Euphorbiaceae,3.7,3.9,10.192
TRI3MA,Trigonostemon_malaccanus,Euphorbiaceae,5.3,5.9,10.2
ADENBI,Adenanthera_bicolor,Fabaceae,3.7,4.3,10.271
ARCHBU,Archidendron_bubalinum,Fabaceae,12.8,14.2,10.271
ARCHMI,Archidendron_microcarpum,Fabaceae,4.2,4.6,10.43
CYNOMA,Cynometra_malaccensis,Fabaceae,8.6,10.9,10.395
DIALPL,Dialium_platysepalum,Fabaceae,7.2,7.7,10.507
DIALPR,Dialium_proceerum,Fabaceae,2.1,2.5,10.249
INTSPA,Intsia_palembanica,Fabaceae,13.9,18,10.482
KOOMMA,Koompassia_malaccensis,Fabaceae,2.2,2.4,10.175
MILLAT,Millettia_artopurpurea,Fabaceae,3,3.7,10.195
PARKSP,Parkia_speciosa,Fabaceae,8.1,7.5,10.244
SARADE,Saraca_declinata,Fabaceae,3.6,3.9,10.263
SARATH,Saraca_thaipingensis,Fabaceae,2.9,4.6,11.121
SINDCO,Sindora_coriacea,Fabaceae,10.5,10.5,10.318
SINDVE,Sindora_velutina,Fabaceae,3.1,3.5,10.414
CASTSC,Castanopsis_schefferiana,Fagaceae,6.7,7.3,10.285
LITHCU,Lithocarpus_curtisii,Fagaceae,4,5.7,10.159
LITHRA,Lithocarpus_rassa,Fagaceae,2.1,2.2,10.205
LITHWA,Lithocarpus_wallichianus,Fagaceae,2.4,2.6,11.096
LITHWR,Lithocarpus_wrayi,Fagaceae,6.7,8,10.279
QUERAR,Quercus_argentata,Fagaceae,2.1,3.2,10.099
QUERGE,Quercus_gemelliflora,Fagaceae,4.1,4.4,10.2
GONOGR,Gonocaryum_gracile,Icacinaceae,2,2.1,10.236
IRVIMA,Irvingia_malayana,Irvingiaceae,8.4,9.8,10.197
IXONIC,Ixonanthes_icosandra,Ixonanthaceae,7.7,9.4,10.403
TEIJCO,Teijsmanniodendron_coriaceum,Lamiaceae,2.4,2.7,10.301
ACTIPR,Actinodaphne_pruinosa,Lauraceae,2.1,2.2,11.233
ALSEP2,Alseodaphne_peduncularis,Lauraceae,12.3,12.3,10.321
ALSES1,Alseodaphne_species,Lauraceae,2.5,2.5,10.077
BEILL1,Beilschmiedia_lucidula,Lauraceae,5.5,6.5,10.496
BEILP2,Beilschmiedia_palembanica,Lauraceae,5.9,7.2,10.666
CINNIN,Cinnamomum_iners,Lauraceae,13.5,15.7,10.189
CINNJA,Cinnamomum_javanicum,Lauraceae,3.3,3.6,10.17
CRY1GR,Cryptocarya_griffithiana,Lauraceae,2.1,3,10.279
CRY1IN,Cryptocarya_infectoria,Lauraceae,2.9,3.1,10.115
CRY1KU,Cryptocarya_kurzii,Lauraceae,3.4,4.3,10.512
CRY1RU,Cryptocarya_rugulosa,Lauraceae,3.6,3.7,11.044
DEHACU,Dehaasia_cuneata,Lauraceae,3.9,4.2,10.603
LITSCA,Litsea_castanea,Lauraceae,8,9.1,10.156
LITSM2,Litsea_magnifica,Lauraceae,3.5,4,10.025
LITSUF,Litsea_umbellata,Lauraceae,6.3,7.4,10.26
NOTHUM,Nothaphoebe_umbelliflora,Lauraceae,4.3,4.5,10.321
BARRMA,Barringtonia_macrostachya,Lecythidaceae,3.3,4.4,11.088
BARRPE,Barringtonia_pendula,Lecythidaceae,4.8,5.9,10.43
COELGR,Coelostegia_griffithii,Malvaceae,3.3,3.3,10.271
DURIGR,Durio_griffithii,Malvaceae,2.4,2.9,10.145
GREWBL,Microcos_blattaefolia,Malvaceae,10.6,10.6,10.427
GREWFI,Microcos_fibrocarpa,Malvaceae,9.1,9.2,10.496
GREWLA,Grewia_laurifolia,Malvaceae,6.8,7.3,10.088
GREWMI,Grewia_miqueliana,Malvaceae,2.2,2.2,10.515
HERIEL,Heritiera_elata,Malvaceae,2.5,2.7,10.482
HERISI,Heritiera_simplicifolia,Malvaceae,10.8,12.8,10.504
PEN2ST,Pentace_strychnoidea,Malvaceae,2.5,3.9,11.203
SCA2LI,Scaphium_linearicarpum,Malvaceae,4.3,5.4,11.233
SCA2MA,Scaphium_macropodum,Malvaceae,49,55.7,10.107
SCHOAC,Schoutenia_accrescens,Malvaceae,3.4,3.3,10.493
STERC1,Sterculia_coccinea,Malvaceae,6.9,7.3,10.263
STERPA,Sterculia_parviflora,Malvaceae,2.3,2.4,10.205
STERRU,Sterculia_rubiginosa,Malvaceae,2.9,3.7,10.249
PTE1CO,Pternandra_coerulescens,Melastomataceae,2.2,4,10.282
PTE1EC,Pternandra_echinata,Melastomataceae,2.9,3.2,10.178
AGLAAS,Aglaia_aspera,Meliaceae,5.9,5.9,10.444
AGLACO,Aglaia_cordata,Meliaceae,11.9,12.3,11.088
AGLAE1,Aglaia_exstipulata,Meliaceae,3.6,3.6,11.074
AGLAFO,Aglaia_forbesii,Meliaceae,2,2,10.216
AGLAGL,Aglaia_glabriflora,Meliaceae,2.3,2.4,10.529
AGLAGR,Aglaia_grandis,Meliaceae,4,3.7,10.29
AGLAO2,Aglaia_lawii,Meliaceae,2.1,2.5,10.06
AGLAOD,Aglaia_odoratissima,Meliaceae,3.1,3.5,10.101
APH1SU,Aphanamixis_sumatrana,Meliaceae,4.8,5,10.205
CHISER,Chisocheton_erythrocarpus,Meliaceae,3.6,3.5,10.096
CHISTO,Chisocheton_tomentosus,Meliaceae,20,21.3,10.31
DYSOAL,Dysoxylum_alliaceum,Meliaceae,2.6,2.7,10.263
LANSDO,Lansium_domesticum,Meliaceae,6.2,6.9,10.515
REINCI,Reinwardtiodendron_cinereum,Meliaceae,3.6,3.8,10.463
SANDKO,Sandoricum_koetjape,Meliaceae,2.4,2.7,10.441
WALSCH,Pseudoclausena_chrysogyne,Meliaceae,2,2,10.274
WALSPI,Walsura_pinnata,Meliaceae,2,3,10.425
MEMEAM,Memecylon_amplexicaule,Memecylaceae,18.6,19.7,10.148
MEMECA,Memecylon_cantleyi,Memecylaceae,3.8,4.1,10.195
MEMEEX,Memecylon_excelsum,Memecylaceae,2.6,2.6,10.279
MEMELI,Memecylon_lilacinum,Memecylaceae,7.9,8.7,10.433
MEMEME,Memecylon_megacarpum,Memecylaceae,8,9.5,10.488
MEMEMI,Memecylon_minutiflorum,Memecylaceae,6.8,7.3,10.189
MEMEO1,Memecylon_oligoneurum,Memecylaceae,17,-0.1,10.26
MEMEO2,Memecylon_oleifolium,Memecylaceae,4,-0.1,10.104
MEMEPU,Memecylon_pubescens,Memecylaceae,3.6,-0.1,10.329
ARTODA,Artocarpus_dadah,Moraceae,2.2,-0.1,10.23
ARTOIS,Artocarpus_integer,Moraceae,7,-0.1,10.153
ARTOLO,Artocarpus_lowii,Moraceae,7.1,-0.1,10.329
ARTOMA,Artocarpus_maingayi,Moraceae,3.2,-0.1,10.178
ARTONG,Artocarpus_nitidus,Moraceae,4.4,-0.1,10.411
ARTORI,Artocarpus_rigidus,Moraceae,8.9,-0.1,10.271
ARTOSC,Artocarpus_scortechinii,Moraceae,3.5,-0.1,10.112
GYMNFO,Gymnacranthera_forbesii,Myristicaceae,2.8,-0.1,10.586
HORSBR,Horsfieldia_brachiata,Myristicaceae,2.5,-0.1,10.515
HORSPO,Horsfieldia_polyspherula,Myristicaceae,3.6,-0.1,10.263
HORSS1,Horsfieldia_sucosa,Myristicaceae,7.5,-0.1,10.2
HORSS2,Horsfieldia_superba,Myristicaceae,2.6,-0.1,10.266
KNEMCU,Knema_curtisii,Myristicaceae,2,-0.1,10.351
KNEMFU,Knema_furfuracea,Myristicaceae,2.3,-0.1,10.09
KNEMHO,Knema_hookeriana,Myristicaceae,3,-0.1,10.09
KNEMLA,Knema_laurina,Myristicaceae,2.2,-0.1,10.411
KNEMPA,Knema_patentinervia,Myristicaceae,4,-0.1,11.027
KNEMSC,Knema_scortechinii,Myristicaceae,7.6,-0.1,10.052
KNEMST,Knema_stenophylla,Myristicaceae,5,-0.1,10.438
MYRICI,Myristica_cinnamomea,Myristicaceae,2.1,-0.1,10.438
MYRIM1,Myristica_maingayi,Myristicaceae,4.6,-0.1,10.532
ARDICR,Ardisia_crassa,Myrsinaceae,5.6,-0.1,10.279
ARDIKU,Ardisia_kunstleri,Myrsinaceae,3.5,-0.1,10.521
ARDIPA,Ardisia_pachysandra,Myrsinaceae,5.9,-0.1,10.11
EUGEC1,Syzygium_cerasiformis,Myrtaceae,2.9,-0.1,10.523
EUGECH,Syzygium_chlorantha,Myrtaceae,11.2,-0.1,10.564
EUGECL,Syzygium_claviflora,Myrtaceae,2.7,-0.1,10.43
EUGECU,Syzygium_cumingiana,Myrtaceae,5.6,-0.1,10.422
EUGEDE,Syzygium_densiflora,Myrtaceae,2,-0.1,10.29
EUGEDU,Syzygium_duthieana,Myrtaceae,5.654268293,5.281097561,10.36267073
EUGEFI,Syzygium_filiformis,Myrtaceae,4.1,5,11.2
EUGEGR,Syzygium_griffithii,Myrtaceae,10,10.8,10.121
EUGEIN,Syzygium_inophylla,Myrtaceae,6.1,6.7,10.266
EUGENA,Syzygium_napiformis,Myrtaceae,4,5.2,10.532
EUGENI,Syzygium_nigricans,Myrtaceae,8.6,8.6,10.189
EUGEP2,Syzygium_polita,Myrtaceae,2.9,3,10.208
EUGEP3,Syzygium_pseudosubtilis,Myrtaceae,4.9,6.5,10.107
EUGEP4,Syzygium_pseudocrenulata,Myrtaceae,2.7,2.8,10.112
EUGEPR,Syzygium_prainiana,Myrtaceae,4.2,4.3,11.071
EUGEPU,Syzygium_pustulata,Myrtaceae,4.1,5.1,10.271
EUGERI,Syzygium_ridleyi,Myrtaceae,3.4,3.9,10.184
EUGES2,Syzygium_syzygioides,Myrtaceae,8.3,8.2,10.438
EUGESB,Syzygium_speciesb,Myrtaceae,3.7,5,11.184
EUGESD,Syzygium_speciesd,Myrtaceae,3.1,3.2,10.244
EUGEST,Syzygium_scortechinii,Myrtaceae,3.2,3.7,10.09
EUGESU,Syzygium_subdecussata,Myrtaceae,2.7,2.8,10.121
EUGETU,Syzygium_tumida,Myrtaceae,2.2,2.6,10.296
EUGEV2,Syzygium_variolosa,Myrtaceae,3.3,3.3,10.216
PSE1SI,Pseudoeugenia_singaporensis,Myrtaceae,8.4,9.3,10.529
RHODCI,Rhodamnia_cinerea,Myrtaceae,2,2,10.29
ANACHE,Anacolosa_frutescens,Olacaceae,7,10.9,10.51
OCHAAM,Ochanostachys_amentacea,Olacaceae,3.8,3.9,10.178
CHAMMA,Champereia_manillana,Opiliaceae,11.3,16.5,10.29
SAR1GR,Sarcotheca_griffithii,Oxalidaceae,3.1,3.3,10.104
SAR1MO,Sarcotheca_monophylla,Oxalidaceae,9.7,9.6,10.6
GALEFU,Galearia_fulva,Pandaceae,4.1,4.2,10.496
MIC1CA,Microdesmis_caseariifolia,Pandaceae,5.4,6.1,10.107
PAROVA,Paropsia_vareciformis,Passifloraceae,2.8,3.4,11.071
ANT1CO,Antidesma_coriaceum,Phyllanthaceae,3.1,3.2,10.51
ANT1CU,Antidesma_cuspidatum,Phyllanthaceae,5.5,5.8,10.263
APORAU,Aporusa_aurea,Phyllanthaceae,4.6,4.7,10.249
APORBR,Aporusa_subcaudata,Phyllanthaceae,2,2.1,10.603
APORFA,Aporusa_falcifera,Phyllanthaceae,42.7,44.4,10.195
APORGL,Aporusa_globifera,Phyllanthaceae,5.4,5.8,10.145
APORM1,Aporusa_microstachya,Phyllanthaceae,4.7,4.5,10.266
APORM2,Aporusa_lucida,Phyllanthaceae,5.6,5.6,10.293
APORN1,Aporusa_nigricans,Phyllanthaceae,3.7,3.9,10.277
APORN2,Aporusa_sessiliflora,Phyllanthaceae,2.3,4.1,10.493
APORNE,Aporusa_nervosa,Phyllanthaceae,11.6,12,10.6
APORPR,Aporusa_prainiana,Phyllanthaceae,2.2,3,10.414
APORSY,Aporusa_symplocoides,Phyllanthaceae,4,8.4,10.189
BACCPA,Baccaurea_parviflora,Phyllanthaceae,16,17.7,10.088
BACCRA,Baccaurea_racemosa,Phyllanthaceae,2.5,3.2,10.389
BACCRE,Baccaurea_reticulata,Phyllanthaceae,4.9,5.5,10.277
CLE1M2,Cleistanthus_maingayi,Phyllanthaceae,22.1,23.6,10.271
CLE1SU,Cleistanthus_sumatranus,Phyllanthaceae,8.3,8.3,10.312
GLOCWA,Glochidion_wallichiana,Phyllanthaceae,2.6,3,10.236
XANTAF,Xanthophyllum_affine,Polygalaceae,3.2,3.5,10.142
XANTAM,Xanthophyllum_amoenum,Polygalaceae,2.1,2,10.49
XANTCH,Xanthophyllum_chartaceum,Polygalaceae,2.2,2.4,10.386
XANTEU,Xanthophyllum_eurhynchum,Polygalaceae,5.3,6.2,10.137
XANTGR,Xanthophyllum_griffithii,Polygalaceae,3.3,4.1,10.263
XANTRU,Xanthophyllum_rufum,Polygalaceae,17.6,23.9,11.197
HEL2VE,Heliciopsis_velutina,Proteaceae,2.7,4.4,10.301
DRYPKI,Drypetes_kikir,Putranjivaceae,3,3.2,10.26
DRYPLA,Drypetes_laevis,Putranjivaceae,2,2,10.118
DRYPLO,Drypetes_longifolia,Putranjivaceae,2.6,3.7,10.238
DRYPPE,Drypetes_pendula,Putranjivaceae,2.3,3.2,10.162
DRYPPO,Drypetes_polyneura,Putranjivaceae,3.2,3.1,10.458
CARABR,Carallia_brachiata,Rhizophoraceae,7.4,7.8,10.496
GYNOAX,Gynotroches_axillaris,Rhizophoraceae,2.8,3.5,10.247
PRUNAR,Prunus_arborea,Rosaceae,2.1,3.3,10.104
PRUNGR,Prunus_grisea,Rosaceae,30.8,32.7,10.049
AIDIWA,Aidia_wallichiana,Rubiaceae,10.1,15.8,10.389
DIPLMA,Diplospora_malaccensis,Rubiaceae,4.8,5.8,10.11
HYPORA,Hypobathrium_racemosum,Rubiaceae,3.8,4.9,10.233
HYPOVE,Hypobathrium_venulosum,Rubiaceae,9,9.8,10.211
IXORC1,Ixora_concinna,Rubiaceae,4.6,5.7,10.151
IXORC2,Ixora_congesta,Rubiaceae,20.6,20.8,10.263
IXORGG,Ixora_grandifolia,Rubiaceae,3.6,4,10.422
IXORLO,Ixora_lobbii,Rubiaceae,2.7,3.9,10.268
NAUCOF,Nauclea_officinalis,Rubiaceae,5,6.5,10.118
PAVEGR,Pavetta_graciliflora,Rubiaceae,2,1.9,10.367
PAVES1,Pavetta_species,Rubiaceae,2.1,2.5,10.266
PORTAN,Porterandia_anisophylla,Rubiaceae,2.7,3,10.414
PSYDS8,Psydrax_species8,Rubiaceae,4.2,4.8,10.11
TARES8,Tarenna_species8,Rubiaceae,4,4.1,10.43
TIMOWA,Timonius_wallichianus,Rubiaceae,2.4,3,10.323
UROPGL,Urophyllum_glabrum,Rubiaceae,2.9,3,10.227
UROPHI,Urophyllum_hirsutum,Rubiaceae,3.3,3.8,10.353
ACROPO,Maclurodendron_porteri,Rutaceae,6.2,8.1,11.244
GLYCCH,Glycosmis_chlorosperma,Rutaceae,2.4,4.8,10.485
FLACRU,Flacourtia_rukam,Salicaceae,4.9,6.6,10.419
HOMADI,Homalium_dictyoneurum,Salicaceae,2,2.3,11.205
HOMALO,Homalium_longifolium,Salicaceae,3.5,4.4,11.247
SCA1SP,Scaphocalyx_spathacea,Salicaceae,9.1,10.6,10.29
SCOLSP,Scolopia_spinosa,Salicaceae,9,10.9,10.227
SCLEWA,Scleropyrum_wallichianum,Santalaceae,2.4,3.1,10.507
LEPIFR,Lepisanthes_fruticosa,Sapindaceae,2.3,3.2,10.532
LEPISE,Lepisanthes_senegalensis,Sapindaceae,28.1,32,10.071
LEPITE,Lepisanthes_tetraphylla,Sapindaceae,2.3,3.2,10.589
NEPHCO,Nephelium_costatum,Sapindaceae,5.2,5.4,10.315
NEPHER,Nephelium_cuspidatum,Sapindaceae,3.7,4.3,10.101
NEPHMA,Nephelium_maingayi,Sapindaceae,2.3,2.7,10.266
NEPHOP,Nephelium_ophioides,Sapindaceae,2.7,2.7,10.268
POMEPA,Pometia_pinnata,Sapindaceae,5.7,6.7,10.164
XERONO,Xerospermum_noronhianum,Sapindaceae,4.7,-0.1,10.09
MADHMA,Madhuca_malaccensis,Sapotaceae,2,-0.1,10.227
PALAHE,Palaquium_hexandrum,Sapotaceae,18.8,-0.1,10.51
PAYELU,Payena_lucida,Sapotaceae,6.2,-0.1,10.129
EURYLO,Eurycoma_longifolia,Simaroubaceae,4.8,-0.1,10.052
SYMPCR,Symplocos_crassipes,Symplocaceae,10.4,-0.1,10.153
AQUIMA,Aquilaria_malaccensis,Thymelaeaceae,2.8,-0.1,10.425
GONYMA,Gonystylus_maingayi,Thymelaeaceae,18.8,-0.1,10.427
TRI1HY,Trigoniastrum_hypoleucum,Trigoniaceae,40,0,11.203
RINOAN,Rinorea_anguifera,Violaceae,2.7,-0.1,10.29
RINOSC,Rinorea_sclerocarpa,Violaceae,2.7,-0.1,10.353